Sigla,Nome,Tipo,Dividendo (%),Patrimônio (R$),VPA (R$),V/VPA,Valor (R$),Cotas,Max52 (R$),Min52 (R$),Valorização (%/ano)
BVAR11,Brasil Varejo,Tijolo: Varejo,2.36,751.86 M,1201.93,0.08320784072283743,100.01,625540,0.00,0.00,0.00
GSFI11,General Shopping e Outlets do Brasil,Tijolo: Shoppings,0.00,814.80 M,11.90,0.20168067226890754,2.40,68482196,5.10,2.00,34.25
AQLL11,Áquilla,Papel: Fundo de Fundos,0.00,147.14 M,1498.04,0.3337694587594457,500.00,98222,500.00,359.99,6.38
TOUR11,Tourmalet II,Tijolo: Desenvolvimento,1.14,2.77 M,276.69,0.3900755357981857,107.93,10000,107.93,103.86,3.92
CXTL11,Caixa TRX Logística Renda,Tijolo: Galpões,0.08,41.13 M,767.44,0.39221307203168976,301.00,53597,409.11,280.00,26.40
EDGA11,Edifício Galeria,Tijolo: Escritórios,0.30,300.07 M,78.72,0.476244918699187,37.49,3812055,62.99,26.99,21.07
XTED11,TRX Edifícios Corporativos,Tijolo: Escritórios,4.37,26.47 M,14.77,0.5010155721056195,7.40,1792557,20.55,5.90,25.00
DOMC11,Reag Renda Imobiliária,Tijolo: Escritórios,1.06,244.15 M,999.05,0.5035783994795056,503.10,244380,690.00,442.00,13.82
CARE11,Brazilian Graveyard and Death Care,Tijolo: Outros,32.96,250.14 M,1.40,0.5214285714285715,0.73,178866845,1.79,0.69,44.27
DMAC11,MAC FII,Tijolo: Desenvolvimento,0.71,116.39 M,745.56,0.5515317345351146,411.20,156108,800.00,370.00,44.36
WTSP11B,Ourinvest RE I,Tijolo: Híbrido,0.41,90.41 M,91.08,0.6258234519104084,57.00,992565,77.00,37.00,18.57
PLRI11,Polo Recebíveis Imobiliários I,Papel: CRIs,0.57,66.45 M,69.64,0.5740953475014359,39.98,954304,70.00,35.00,35.41
EURO11,EUROPAR,Tijolo: Galpões,0.38,117.96 M,307.23,0.601764150636331,184.88,383936,220.00,102.01,22.36
FPNG11,Pedra Negra Renda Imobiliária,Tijolo: Escritórios,0.42,143.16 M,161.58,0.6188884762965713,100.00,886000,0.00,0.00,0.00
FIGS11,General Shopping Ativo e Renda,Tijolo: Shoppings,0.07,279.09 M,97.93,0.6923312570203206,67.80,2850000,95.00,41.00,1.66
ORPD11,Ouro Verde Desenvolvimento Imobiliário I,Tijolo: Desenvolvimento,1.55,38.84 M,133.93,0.6645262450533861,89.00,290000,123.62,80.01,28.01
XPHT11,XP Hotéis,Tijolo: Hotéis,0.40,468.99 M,125.48,0.6773987886515779,85.00,3737642,113.29,73.10,18.11
ALMI11,Torre Almirante,Tijolo: Escritórios,0.03,221.98 M,1996.68,0.6936514614259671,1385.00,111177,2190.00,1190.00,1.07
FIVN11,Vida Nova,Tijolo: Shoppings,0.00,71.56 M,7.60,0.7131578947368421,5.42,9412630,14.98,2.85,86.90
FMOF11,Memorial Office,Tijolo: Escritórios,0.31,66.59 M,131.07,0.6637674525062944,87.00,508008,123.00,78.00,4.44
SAIC11B,Sia Corporate,Tijolo: Escritórios,1.66,78.92 M,55.20,0.72481884057971,40.01,1429740,70.00,31.92,19.98
SADI11,Santander Papeis Imobiliários CDI,Papel: CRIs,0.32,318.75 M,100.23,0.7590541753965878,76.08,3180207,102.99,60.00,26.13
CNES11,CENESP,Tijolo: Escritórios,0.23,282.40 M,95.75,0.7570757180156658,72.49,2949248,99.98,48.00,6.34
RNGO11,Rio Negro,Tijolo: Escritórios,0.52,274.49 M,102.58,0.7936244882043283,81.41,2676000,112.90,58.00,2.70
FVPQ11,Via Parque Shopping,Tijolo: Shoppings,0.51,605.20 M,216.13,0.7940591310785176,171.62,2800149,228.49,123.00,4.66
STRX11,STARX FII,Tijolo: Desenvolvimento,0.16,311.94 M,20283.76,0.7797370901647427,15816.00,15379,0.00,0.00,0.00
RCFA11,Grupo RCFA,Tijolo: Desenvolvimento,0.00,18.79 M,1.61,0.8944099378881987,1.44,11678533,21.30,0.59,28.00
RBVO11,Rio Bravo Crédito Imobiliário II,Papel: CRIs,0.23,15.01 M,29.09,0.8095565486421451,23.55,515824,44.49,17.70,44.59
RBIV11,Rio Bravo Crédito Imobiliário IV,Papel: CRIs,0.46,99.38 M,97.01,0.8246572518297083,80.00,1024362,105.58,69.05,21.57
SCPF11,SCP,Tijolo: Shoppings,0.26,48.33 M,11.51,0.8071242397914856,9.29,4200000,14.57,8.17,13.58
RDPD11,BB Renda de Papeis Imobiliários II,Papel: CRIs,0.43,105.54 M,97.90,0.8069458631256383,79.00,1078042,92.00,75.00,3.66
VSHO11,Votorantim Shopping,Tijolo: Shoppings,0.79,225.61 M,107.49,0.8279839985114895,89.00,2098800,125.00,66.51,10.96
MAXR11,Max Retail,Tijolo: Varejo,0.67,133.21 M,2248.48,0.8272255034512204,1860.00,59245,2575.00,1400.00,16.59
FPAB11,Projeto Agua Branca,Tijolo: Escritórios,0.51,310.44 M,413.92,0.7984634712021647,330.50,750000,419.99,300.00,3.92
JPPC11,JPP Capital,Tijolo: Desenvolvimento,1.49,27.08 M,492.42,0.8163762641647374,402.00,55000,486.36,402.00,17.35
RNDP11,BB Renda de Papéis Imobiliários,Papel: CRIs,0.39,117.15 M,1089.96,0.8165437263752798,890.00,107481,1000.00,800.00,5.32
PRSV11,Presidente Vargas,Tijolo: Escritórios,0.68,77.06 M,395.19,0.8223639262127078,324.99,195000,468.99,300.00,27.13
RBCO11,RB Capital Office Income,Tijolo: Escritórios,0.44,386.95 M,102.39,0.8242015821857603,84.39,3779001,120.00,74.99,21.85
HTMX11,Hotel Maxinvest,Tijolo: Hotéis,0.52,183.33 M,145.85,0.9318477888241344,135.91,1257022,208.00,79.50,21.59
BBFI11B,BB Progressivo,Tijolo: Escritórios,0.89,407.26 M,3132.76,0.8347303974769852,2615.01,130000,3148.96,1686.01,2.15
VOTS11,Votorantim Securities Master,Papel: CRIs,0.42,81.00 M,97.84,0.8278822567457073,81.00,827913,98.90,71.00,8.99
MALL11,Malls Brasil Plural,Tijolo: Shoppings,0.12,799.51 M,105.75,0.8794326241134752,93.00,7560351,136.50,48.01,7.92
BRCR11,BTG Pactual Corporate Office,Tijolo: Escritórios,0.45,2.51 B,109.61,0.8665267767539458,94.98,22918202,125.27,74.90,3.24
PQDP11,Parque Dom Pedro Shopping Center,Tijolo: Shoppings,0.48,810.44 M,3398.40,0.8798346280602637,2990.03,238477,4000.00,2150.00,6.08
ANCR11B,Ancar IC,Tijolo: Shoppings,1.15,1.56 B,3466.07,0.8511080272469973,2950.00,451113,2980.00,2501.01,17.95
TRNT11,Torre Norte,Tijolo: Escritórios,0.28,872.60 M,221.72,0.8794876420710807,195.00,3935562,250.00,170.00,6.56
QAGR11,Quasar Agro,Indefinido,0.28,483.35 M,95.90,0.9098018769551616,87.25,5040000,123.00,58.00,14.79
CBOP11,Castello Branco Office Park,Tijolo: Escritórios,0.53,121.29 M,85.72,0.8845076994867008,75.82,1415000,100.20,60.01,7.09
SARE11,Santander Renda de Alugueis,Indefinido,0.30,360.32 M,100.09,0.8692177040663402,87.00,3599982,115.00,56.71,22.31
SHDP11B,Shopping Parque Dom Pedro,Tijolo: Shoppings,0.54,2.00 B,1391.33,0.8697074022697706,1210.05,1436603,1210.05,1210.05,0.00
VERE11,Vereda,Tijolo: Galpões,0.46,161.95 M,294.41,0.8729323052885432,257.00,550084,263.89,257.00,2.61
CEOC11,Cyrela Commercial Properties,Tijolo: Escritórios,0.62,178.31 M,98.20,0.930244399185336,91.35,1815696,101.40,60.00,8.53
HPDP11,Hedge Shopping Parque Dom Pedro,Tijolo: Shoppings,0.23,282.32 M,97.06,0.906655676900886,88.00,2908813,145.00,63.00,21.08
FLRP11,Floripa Shopping,Tijolo: Shoppings,0.97,95.59 M,1598.15,0.8760128899039514,1400.00,59815,1762.00,1099.99,10.07
RCRB11,Rio Bravo Renda Corporativa,Tijolo: Escritórios,0.41,589.88 M,198.17,0.931977594994197,184.69,2976666,299.97,108.02,6.69
WPLZ11,Shopping West Plaza,Tijolo: Shoppings,0.18,95.87 M,93.92,0.8837308347529812,83.00,1020747,115.00,70.00,4.05
PLCR11,Plural Recebíveis,Papel: CRIs,0.30,202.48 M,96.00,0.8748958333333333,83.99,2109169,100.50,56.00,15.59
OUCY11,Ourinvest Cyrela,Papel: CRIs,0.61,81.49 M,97.97,0.9175257731958764,89.89,831837,104.90,60.10,5.68
VISC11,Vinci Shopping Centers,Tijolo: Shoppings,0.21,1.74 B,121.66,0.9048167022850567,110.08,14270995,147.83,60.25,4.37
KNCR11,Kinea Rendimentos Imobiliários,Papel: CRIs,0.32,4.07 B,104.20,0.8890595009596929,92.64,39097087,108.20,63.50,11.13
PATC11,Pátria Edifícios Corporativos,Tijolo: Escritórios,0.24,345.52 M,99.36,0.9390096618357487,93.30,3477434,159.85,63.50,6.61
IBFF11,FOF Integral Brei,Papel: Fundo de Fundos,0.31,58.28 M,87.42,0.8865248226950354,77.50,666681,110.00,55.00,22.11
SPTW11,SP Downtown,Tijolo: Escritórios,0.64,138.14 M,76.83,0.9009501496811142,69.22,1798000,124.00,44.82,21.16
JSRE11,JS Real Estate Multigestão,Híbrido (Tijolo/Papel),0.45,2.33 B,112.18,0.9168300944909965,102.85,20767328,124.99,65.59,6.30
ARRI11,Átrio Reit Recebíveis Imobiliários,Papel: CRIs,0.40,36.06 M,91.91,0.8858666086388859,81.42,392374,109.00,54.00,19.39
JPPA11,JPP Allocation Mogno,Papel: CRIs,0.65,55.16 M,110.15,0.9069450748978666,99.90,500752,115.00,89.99,9.18
RBBV11,JHSF Rio Bravo Fazenda Boa Vista Capital Protegido,Tijolo: Desenvolvimento,0.17,125.50 M,100.07,0.899370440691516,90.00,1254164,97.96,80.00,8.02
JRDM11,Shopping Jardim Sul,Tijolo: Shoppings,0.49,227.07 M,90.00,0.9051111111111111,81.46,2522968,119.00,51.00,0.78
FVBI11,VBI FL 4440,Tijolo: Escritórios,0.41,343.43 M,159.73,0.9077818819257497,145.00,2150000,167.99,121.99,10.86
ARFI11B,Áquilla Renda,Tijolo: Galpões,0.00,138.83 M,1217.27,0.9110550658440609,1109.00,114054,0.00,0.00,0.00
VINO11,Vinci Offices,Tijolo: Escritórios,0.59,604.74 M,60.82,0.9700756330154554,59.00,9942726,73.98,37.01,6.79
NEWL11,Newport Logística,Tijolo: Galpões,0.72,87.08 M,101.75,0.9571498771498772,97.39,855793,144.99,81.00,21.40
CVBI11,VBI CRI,Papel: CRIs,0.53,353.74 M,100.30,0.9461615154536391,94.90,3526841,135.00,59.80,6.96
HSML11,HSI Mall,Tijolo: Shoppings,0.19,1.52 B,96.03,0.9628241174632927,92.46,15780613,127.70,52.50,9.44
FISC11,SC 401,Tijolo: Escritórios,0.37,253.22 M,1617.02,0.9276323112886669,1500.00,156596,1500.00,1500.00,0.00
GRLV11,CSHG GR Louveira,Tijolo: Galpões,0.51,141.24 M,131.57,0.9508246560766133,125.10,1073530,140.00,83.00,11.46
DOVL11B,DOVEL,Tijolo: Escritórios,0.06,74.44 M,1251.89,0.9299139700772432,1164.15,59466,0.00,0.00,0.00
RBFF11,Rio Bravo IFIX,Papel: Fundo de Fundos,0.46,206.28 M,75.23,0.9477602020470556,71.30,2742102,122.29,43.40,18.05
XPCI11,XP Crédito Imobiliário,Papel: CRIs,0.57,628.28 M,95.67,0.9843211037942928,94.17,6567011,110.00,55.00,7.68
HGRE11,CSHG Real Estate,Tijolo: Escritórios,0.38,1.76 B,163.05,0.9224164366758663,150.40,10812161,220.00,104.00,3.59
MCCI11,Mauá Capital Recebíveis Imobiliários,Papel: CRIs,0.60,716.30 M,98.98,1.007577288341079,99.73,7236625,120.18,59.33,5.78
BTCR11,BTG Pactual Crédito Imobiliário,Papel: CRIs,0.45,467.53 M,97.20,0.9558641975308642,92.91,4810097,109.00,60.30,8.09
HMOC11,Hedge Shopping Praça da Moça,Tijolo: Shoppings,0.13,81.07 M,212.22,0.9377061539911413,199.00,382017,259.50,150.00,17.19
PORD11,Polo Recebíveis Imobiliários II,Papel: CRIs,0.52,198.91 M,100.82,0.9462408252330888,95.40,1972845,115.84,67.08,16.32
BPML11,BTG Pactual Shoppings,Tijolo: Shoppings,0.29,434.59 M,100.95,0.9410599306587419,95.00,4305079,130.00,85.00,15.18
ONEF11,The One,Tijolo: Escritórios,0.43,140.53 M,154.26,0.9438610138726825,145.60,911000,204.93,124.75,2.64
HGBS11,Hedge Brasil Shopping,Tijolo: Shoppings,0.16,2.25 B,224.68,0.9626134947480861,216.28,10000000,306.99,142.50,16.69
DRIT11B,Multigestão Renda Comercial,Tijolo: Escritórios,0.22,60.07 M,129.66,1.038793768317137,134.69,463277,189.95,100.02,17.82
ELDO11B,Eldorado,Tijolo: Shoppings,0.51,913.23 M,1160.02,0.9519749659488629,1104.31,787256,0.00,0.00,0.00
TGAR11,TG Ativo Real,Tijolo: Desenvolvimento,1.02,445.15 M,128.45,0.9575710393149086,123.00,3465671,144.99,80.02,2.67
REIT11,Socopa Fundo de Investimento Imobiliário,Papel: CRIs,1.87,33.08 M,1258.30,0.9536676468250815,1200.00,26291,1469.98,1001.00,6.98
VGIR11,Valora RE III,Papel: CRIs,0.54,436.61 M,96.89,0.9593353287232945,92.95,4506414,129.90,58.00,9.88
SAAG11,Santander Agências,Tijolo: Bancário,0.87,627.92 M,111.50,0.9561434977578476,106.61,5631512,146.49,89.00,15.36
XPPR11,XP PROPERTIES,Tijolo: Escritórios,0.83,414.15 M,95.87,1.0060498591843121,96.45,4320000,129.99,52.00,6.81
RBRY11,RBR Private Crédito Imobiliário,Papel: CRIs,0.65,202.56 M,103.10,0.9699321047526673,100.00,1964693,130.00,82.00,8.26
XPML11,XP Malls FII,Tijolo: Shoppings,0.46,1.98 B,108.60,1.0101289134438307,109.70,18207683,149.98,59.27,1.70
CTXT11,Centro Têxtil Internacional,Tijolo: Outros,0.71,138.41 M,53.35,1.000937207122774,53.40,2594279,62.65,41.90,13.37
FIIP11B,RB Capital Renda I,Tijolo: Galpões,0.60,179.10 M,193.17,1.0094735207330332,195.00,927162,214.85,126.00,1.01
MBRF11,Mercantil do Brasil,Tijolo: Escritórios,0.70,130.58 M,1284.40,0.9961460604173155,1279.45,101664,1440.00,801.01,2.77
CPFF11,Capitania Reit FoF,Papel: Fundo de Fundos,0.37,199.13 M,82.97,0.9698686272146559,80.47,2400000,112.00,52.00,26.07
BARI11,Barigui Rendimento Imobiliários I,Papel: CRIs,0.64,220.11 M,98.52,0.9946203816483963,97.99,2234191,115.50,67.00,9.86
SDIL11,SDI Logística Rio,Tijolo: Galpões,0.45,455.32 M,95.45,1.0292299633315871,98.24,4770100,159.99,58.70,13.77
HABT11,Habitat II FII,Papel: CRIs,0.70,383.73 M,100.23,0.995709867305198,99.80,3828572,129.49,75.61,0.21
RBRP11,RBR Properties,Tijolo: Escritórios,0.47,716.19 M,83.74,1.0617387150704563,88.91,8552712,105.50,43.20,1.61
RECT11,UBS (BR) Office,Indefinido,0.82,534.48 M,98.37,1.0074209616753074,99.10,5433591,129.92,69.04,2.47
BBVJ11,BB Votorantim Cidade Jardim Continental Tower,Tijolo: Escritórios,0.58,156.53 M,57.76,0.986842105263158,57.00,2710000,71.00,42.00,1.72
KNHY11,Kinea High Yield CRI,Papel: CRIs,0.28,1.15 B,107.19,0.9935628323537644,106.50,10690843,139.49,82.50,10.50
FAED11,Anhanguera Educacional,Tijolo: Educacional,0.61,131.66 M,205.03,1.0266790225820612,210.50,642168,308.48,130.11,12.07
OUJP11,OURINVEST JPP,Papel: CRIs,0.59,196.22 M,102.20,1.0371819960861057,106.00,1919995,123.50,47.00,0.75
NPAR11,Nestpar,Papel: CRIs,0.87,14.49 M,125.36,0.8999680918953413,112.82,115571,141.00,100.01,7.49
CPTS11B,Capitania Securities II,Papel: CRIs,0.68,298.60 M,95.86,1.0014604631754642,96.00,3115025,120.00,66.33,4.00
HGPO11,CSHG Prime Offices,Tijolo: Escritórios,0.42,335.68 M,203.44,1.034703106567047,210.50,1650000,230.29,156.00,16.29
FTCE11B,Opportunity,Híbrido (Tijolo/Papel),6.73,1.93 B,2444.75,1.0001022599447795,2445.00,789482,3000.01,2445.00,18.50
BPRP11,FII BRLPROP,Tijolo: Galpões,0.75,139.93 M,103.66,0.9667181169207023,100.21,1349837,109.99,90.00,6.14
FAMB11B,Edifício Almirante Barroso,Tijolo: Escritórios,0.90,365.82 M,3490.66,1.0270435963399471,3585.06,104800,3997.94,1980.00,29.28
ABCP11,Grand Plaza Shopping,Tijolo: Shoppings,0.54,1.05 B,85.64,1.0511443250817374,90.02,12203833,109.90,65.01,16.82
FCFL11,Campus Faria Lima,Tijolo: Educacional,0.47,354.36 M,106.10,1.0117813383600378,107.35,3340000,150.13,90.12,6.65
VVPR11,V2 Properties,Tijolo: Escritórios,0.60,189.85 M,100.32,1.0316985645933014,103.50,1892380,119.90,71.05,8.41
BICR11,Inter Títulos Imobiliários,Papel: CRIs,0.32,49.87 M,99.73,0.9981951268424746,99.55,500000,200.00,86.10,24.58
XPCM11,XP Corporate Macaé,Tijolo: Escritórios,1.37,148.41 M,61.46,1.0063455906280507,61.85,2414570,104.00,35.00,35.77
HGCR11,CSHG Recebíveis Imobiliários,Papel: CRIs,0.52,1.29 B,104.07,1.031997693859902,107.40,12372450,136.99,70.00,8.21
HGFF11,CSHG Imobiliário FOF,Papel: Fundo de Fundos,0.50,170.44 M,94.69,1.060830077093674,100.45,1800000,124.98,49.88,3.13
RBRD11,RB Capital Renda II,Tijolo: Varejo,1.15,148.56 M,80.23,1.1465785865636295,91.99,1851786,112.75,45.01,7.07
RBTS11,RB Capital TFO Situs,Tijolo: Desenvolvimento,0.00,55.22 M,976.84,1.0237091028213423,1000.00,56525,1000.00,1000.00,0.00
BREV11,Brazil Real Estate Victory Fund I,Tijolo: Escritórios,0.33,66.89 M,107.41,1.0241132110604227,110.00,622742,110.00,110.00,0.00
KNIP11,Kinea Índice de Preços,Papel: CRIs,0.36,3.58 B,109.08,1.0084341767510085,110.00,32801764,122.60,75.05,5.98
VTLT11,Votorantim Logística,Tijolo: Galpões,0.67,213.43 M,100.91,1.0702606282826281,108.00,2115000,128.50,70.20,7.57
KFOF11,Kinea FII,Papel: Fundo de Fundos,0.41,375.17 M,104.26,1.04143487435258,108.58,3598419,160.00,70.00,3.41
LGCP11,LOGCP Inter,Tijolo: Galpões,0.47,170.04 M,96.46,1.036699149906697,100.00,1762843,131.44,73.81,2.91
UBSR11,UBS (BR) Recebíveis Imobiliários,Papel: CRIs,0.70,665.58 M,97.07,1.0312145874111467,100.10,6856389,115.39,62.00,5.57
RBRR11,RBR Rendimento High Grade,Papel: CRIs,0.54,677.01 M,97.52,1.0461443806398687,102.02,6942557,113.10,61.38,3.62
ATSA11,Hedge Atrium Shopping Santo André,Tijolo: Shoppings,0.22,190.29 M,110.94,1.0365963583919235,115.00,1715200,140.00,95.01,5.99
CRFF11,Caixa Rio Bravo II,Papel: Fundo de Fundos,0.44,61.34 M,88.89,1.0124873439082012,90.00,690040,114.99,75.00,0.29
BCRI11,Banestes Recebíveis Imobiliários,Papel: CRIs,0.61,314.62 M,105.61,1.0385380172332166,109.68,2978993,133.92,66.00,5.45
OUFF11,Ourinvest Fundo de Fundos,Papel: Fundo de Fundos,0.74,62.04 M,92.37,1.0999242178196382,101.60,671598,114.50,60.00,1.60
GGRC11,GGR Covepi Renda,Tijolo: Galpões,0.54,772.54 M,118.80,1.1069023569023568,131.50,6503028,153.17,83.50,2.48
HCTR11,Hectare CE FII,Papel: CRIs,0.93,219.05 M,113.86,1.0528719480063236,119.88,1923846,177.60,85.00,7.81
XPIN11,XP Industrial,Tijolo: Galpões,0.48,723.95 M,109.91,1.0645073241743246,117.00,6586568,226.90,75.13,0.68
XPLG11,XP Log,Tijolo: Galpões,0.46,1.67 B,109.33,1.081496387084972,118.24,15269476,152.50,71.00,16.56
XPLG11,XP Log,Tijolo: Galpões,0.46,1.67 B,109.33,1.081496387084972,118.24,15269476,152.50,71.00,16.56
SHPH11,Shopping Patio Higienopolis,Tijolo: Shoppings,0.41,480.25 M,788.66,1.1246925164202572,887.00,608950,1036.06,690.02,3.80
BMLC11B,BM Brascan Lajes Corporativas,Tijolo: Escritórios,0.54,93.94 M,94.09,1.0521840790732278,99.00,998405,115.00,76.50,13.08
HLOG11,Hedge Logística,Tijolo: Galpões,0.51,171.90 M,110.91,1.1154088900910648,123.71,1550000,135.00,96.00,0.23
MXRF11,Maxi Renda,Papel: CRIs,0.64,1.26 B,10.25,1.071219512195122,10.98,122942210,14.99,7.71,6.55
BTLG11,BTG Pactual Logística,Tijolo: Galpões,0.47,338.43 M,99.99,1.0672067206720672,106.71,3384501,135.00,69.02,4.31
BPFF11,Brasil Plural Absoluto Fundo de Fundos,Papel: Fundo de Fundos,0.52,239.30 M,89.66,1.064131162168191,95.41,2668860,132.07,65.00,2.59
RBRF11,RBR Alpha Multiestratégia Real Estate,Papel: Fundo de Fundos,0.58,491.86 M,93.53,1.1001817598631456,102.90,5258752,142.50,57.72,2.74
KNRI11,Kinea Renda Imobiliária,Tijolo: Híbrido,0.38,3.76 B,159.39,1.0695150260367652,170.47,23600802,200.00,119.31,11.78
KNRI11,Kinea Renda Imobiliária,Tijolo: Híbrido,0.38,3.76 B,159.39,1.0695150260367652,170.47,23600802,200.00,119.31,11.78
MFII11,Mérito Desenvolvimento Imobiliário,Tijolo: Desenvolvimento,0.81,287.09 M,114.72,1.0917887029288702,125.25,2502613,139.55,83.50,11.93
RSPD11,RB Capital Desenvolvimento Residencial III,Tijolo: Desenvolvimento,0.00,38.77 M,1019.67,1.0787803897339336,1100.00,38025,1100.00,1000.00,0.00
VILG11,Vinci Logística,Tijolo: Galpões,0.43,790.27 M,112.27,1.0867551438496483,122.01,7038771,151.50,65.00,10.53
YCHY11,Yaguara Capital High Yield,Tijolo: Galpões,0.93,23.62 M,1012.71,1.076319973141373,1090.00,23319,1300.05,930.00,9.00
FIIB11,Industrial do Brasil,Tijolo: Galpões,0.35,289.31 M,422.36,1.137655080973577,480.50,685000,598.99,370.06,6.40
RBED11,Rio Bravo Renda Educacional,Tijolo: Educacional,0.59,267.60 M,149.73,1.125358979496427,168.50,1787281,186.00,115.12,5.87
FEXC11,BTG Pactual Fundo de CRI,Papel: CRIs,0.74,241.34 M,98.77,1.0933481826465525,107.99,2443535,123.98,60.00,6.79
LUGG11,Luggo,Tijolo: Desenvolvimento,0.47,86.37 M,95.97,1.103469834323226,105.90,900000,148.00,86.00,12.47
THRA11,Cyrela Thera Corporate,Tijolo: Escritórios,0.60,175.35 M,119.07,1.1001931636852273,131.00,1472728,164.96,102.33,1.51
VRTA11,Fator Verita,Papel: CRIs,0.65,504.48 M,104.01,1.087876165753293,113.15,4850490,155.74,75.00,18.46
BCFF11,BTG Pactual Fundo de Fundos,Papel: Fundo de Fundos,0.44,1.67 B,80.99,1.1112483022595383,90.00,20562973,118.92,49.98,4.06
BCFF11,BTG Pactual Fundo de Fundos,Papel: Fundo de Fundos,0.44,1.67 B,80.99,1.1112483022595383,90.00,20562973,118.92,49.98,4.06
KNRE11,Kiena II real Estate Equity,Tijolo: Desenvolvimento,5.80,74.25 M,4.00,1.1125,4.45,18547161,7.36,3.69,37.59
CXCE11B,Caixa Cedae,Tijolo: Escritórios,0.85,147.70 M,2155.69,1.1086937361123352,2390.00,68518,2835.00,1701.00,0.00
HGRU11,CSHG Renda Urbana,Tijolo: Educacional,0.53,1.05 B,107.71,1.1882833534490762,127.99,9740679,144.30,80.02,19.28
VLOL11,Vila Olímpia Corporate,Tijolo: Escritórios,0.59,162.02 M,90.78,1.1538885217008152,104.75,1784828,124.79,79.10,3.92
LVBI11,VBI LOGÍSTICO,Tijolo: Galpões,0.48,774.49 M,102.75,1.2067153284671532,123.99,7537889,147.35,69.20,12.10
KINP11,Even Permuta Kinea,Tijolo: Desenvolvimento,1.31,72.74 M,10.18,1.149312377210216,11.70,7147934,24.00,10.01,16.43
RBVA11,Rio Bravo Renda Varejo,Tijolo: Bancário,0.60,1.34 B,125.20,1.1375399361022362,142.42,10693932,170.06,101.00,8.35
LOFT11B,LOFT I,Tijolo: Desenvolvimento,2.61,233.07 M,89.75,1.158774373259053,104.00,2596800,112.00,95.25,3.69
FLMA11,Continental Square Faria Lima,Tijolo: Escritórios,0.04,199.76 M,2.89,1.1833910034602075,3.42,69033500,6.49,2.22,3.93
MGFF11,Mogno Fundo de Fundos,Papel: Fundo de Fundos,0.61,649.26 M,82.73,1.1967847213828116,99.01,7847828,133.03,59.99,3.68
HFOF11,Hedge Top FOFII 3,Papel: Fundo de Fundos,0.79,1.54 B,97.15,1.170458054554812,113.71,15850000,130.00,80.00,9.21
TFOF11,Hedge TOP FOFII,Papel: Fundo de Fundos,3.57,102.52 M,120.54,1.1606105856976936,139.90,850530,176.00,80.00,4.40
BZLI11,Brazil Realty,Híbrido (Tijolo/Papel),0.00,422.49 M,11.86,1.2015177065767286,14.25,35633653,18.86,12.56,5.56
IRDM11,Iridium Recebíveis Imobiliários,Papel: CRIs,0.61,771.23 M,96.79,1.1917553466267174,115.35,7968099,144.50,90.00,1.67
GTWR11,Green Towers,Tijolo: Escritórios,0.58,1.18 B,98.16,1.2071108394458028,118.49,12000000,122.80,80.00,16.18
EDFO11B,Edifício Ourinvest,Tijolo: Escritórios,0.58,47.93 M,203.11,1.3045640293437055,264.97,236000,329.90,203.98,14.25
BRCO11,Bresco Logística,Tijolo: Galpões,0.45,1.21 B,95.98,1.3023546572202542,125.00,12566391,149.50,85.00,11.61
BNFS11,Banrisul Novas Fronteiras,Tijolo: Bancário,0.78,67.12 M,95.89,1.2985712795911981,124.52,700000,141.15,99.01,1.24
NSLU11,Hospital Nossa Senhora de Lourdes,Tijolo: Hospital,0.69,218.41 M,190.78,1.3182199391969809,251.49,1144800,260.00,190.74,3.27
DAMT11B,Diamante,Tijolo: Shoppings,0.00,104.49 M,1.06,1.3396226415094339,1.42,98831183,1.42,1.42,0.00
HBTT11,Habitat I,Papel: CRIs,0.46,170.61 M,946.73,1.3720913037508053,1299.00,180214,1950.00,1100.00,13.40
HCRI11,Hospital da Criança,Tijolo: Hospital,0.66,58.39 M,291.97,1.3699695174161728,399.99,200000,498.99,315.00,0.00
CXRI11,Caixa Rio Bravo,Papel: Fundo de Fundos,0.73,155.73 M,988.28,1.3917108511757803,1375.40,157576,1849.99,980.00,34.98
ALZR11,Alianza Trust Renda Imobiliária,Tijolo: Híbrido,0.45,270.79 M,94.65,1.3946117274167986,132.00,2860924,150.00,70.00,17.86
BBRC11,BB Renda Corporativa,Tijolo: Bancário,0.62,175.76 M,110.54,1.3679211145286774,151.21,1590000,156.02,91.05,12.84
HUSC11,Hospital Unimed Sul Capixaba,Tijolo: Hospital,0.43,72.65 M,100.09,1.3636726945748827,136.49,725821,161.56,106.50,11.94
HGLG11,CSHG Logística,Tijolo: Galpões,0.41,1.59 B,134.06,1.4210055199164553,190.50,11882212,221.98,107.50,25.75
HGLG11,CSHG Logística,Tijolo: Galpões,0.41,1.59 B,134.06,1.4210055199164553,190.50,11882212,221.98,107.50,25.75
NVHO11,Novo Horizonte,Tijolo: Hospital,0.50,325.14 M,7.84,1.4923469387755102,11.70,41494533,32.28,7.50,62.26
BBPO11,BB Progressivo II,Tijolo: Bancário,0.66,1.62 B,102.07,1.5649064367590868,159.73,15919690,171.99,115.00,12.60
BCIA11,Bradesco Carteira Imobiliária Ativa,Papel: Fundo de Fundos,0.38,190.78 M,112.91,1.7501549907005582,197.61,1689613,299.74,100.20,67.47
LATR11B,Lateres,Tijolo: Desenvolvimento,186.95,13.01 M,104.85,1.7167381974248928,180.00,124104,1000.00,180.00,48.58
RBDS11,RB Capital Desenvolvimento Residencial II,Tijolo: Desenvolvimento,4.73,2.89 M,22.85,1.7024070021881836,38.90,126523,225.80,25.25,79.53
PRSN11B,Personale I,Tijolo: Desenvolvimento,0.83,25.49 M,0.49,2.020408163265306,0.99,51699979,6.35,0.36,175.00
NCHB11,NCH Brasil Recebíveis Imobiliários,Papel: CRIs,0.05,10.81 M,87.92,18.198362147406733,1600.00,123000,0.00,0.00,0.00
TBOF11,TB Office,Tijolo: Escritórios,6.76,487.00 M,48.46,2.094510936855138,101.50,10050000,103.49,81.80,22.14
FISD11,São Domingos,Papel: CRIs,0.00,95.97 M,89.47,2.2724935732647813,203.32,1072588,0.00,0.00,0.00
